[{
  "_id": {
    "$oid": "66a93728e14cac36c58372f7"
  },
  "themes": [
    {
      "$oid": "66ad795c2637013ca13aea49"
    },
    {
      "$oid": "66ad7a4eceea253d26ff05be"
    },
    {
      "$oid": "66ad7b1aba73853f5902ea1b"
    },
    {
      "$oid": "66b3977005087727afb9e311"
    },
    {
      "$oid": "66b3981405087727afb9e318"
    },
    {
      "$oid": "66b398ae05087727afb9e31f"
    },
    {
      "$oid": "66b3996905087727afb9e326"
    },
    {
      "$oid": "66b39a1f05087727afb9e32d"
    },
    {
      "$oid": "66b39aa305087727afb9e33b"
    },
    {
      "$oid": "66b39b7a05087727afb9e34c"
    },
    {
      "$oid": "66b39bf805087727afb9e353"
    },
    {
      "$oid": "66b39c8905087727afb9e35a"
    },
    {
      "$oid": "66b39cf305087727afb9e363"
    },
    {
      "$oid": "66b39e4605087727afb9e36a"
    },
    {
      "$oid": "66b39edd05087727afb9e371"
    },
    {
      "$oid": "66b39f2805087727afb9e37a"
    }
  ],
  "subs": [
    {
      "$oid": "66ad850dd4f1b652cf822cc3"
    },
    {
      "$oid": "66ad83100e43d45041a62191"
    }
  ],
  "posts": [],
  "email": "miro@abv.bg",
  "username": "Miro",
  "password": "$2b$05$TiI.6xIPq.PK1pPtxnxn3eEjcxbJHVvlPabdxcJB6V7ZmKbwes4ly",
  "created_at": {
    "$date": "2024-07-30T18:55:36.551Z"
  },
  "updatedAt": {
    "$date": "2024-08-07T16:22:00.403Z"
  },
  "__v": 0
},
{
  "_id": {
    "$oid": "66a9a1ace14cac36c58372fc"
  },
  "themes": [
    {
      "$oid": "66ad81f9c6ac804eba423c69"
    },
    {
      "$oid": "66ad82710e43d45041a6218c"
    },
    {
      "$oid": "66ad83100e43d45041a62191"
    },
    {
      "$oid": "66ad83c2d217cc52130533d5"
    },
    {
      "$oid": "66ad8422d4f1b652cf822cb6"
    },
    {
      "$oid": "66b39fab05087727afb9e389"
    },
    {
      "$oid": "66b3a01d05087727afb9e390"
    },
    {
      "$oid": "66b3a0f405087727afb9e397"
    }
  ],
  "subs": [
    {
      "$oid": "66ad850dd4f1b652cf822cc3"
    }
  ],
  "posts": [],
  "email": "pesho@abv.bg",
  "username": "Pesho",
  "password": "$2b$05$0WJ0TYDzrw2KQT6whT6EWuvDZQGY03tsqRiYNNaDav.q62dtQJrsu",
  "created_at": {
    "$date": "2024-07-31T02:30:04.210Z"
  },
  "updatedAt": {
    "$date": "2024-08-07T16:29:40.123Z"
  },
  "__v": 0
},
{
  "_id": {
    "$oid": "66ad6c5b34352332bd19e589"
  },
  "themes": [
    {
      "$oid": "66ad8494d4f1b652cf822cbe"
    },
    {
      "$oid": "66ad850dd4f1b652cf822cc3"
    },
    {
      "$oid": "66b3a19805087727afb9e3a1"
    },
    {
      "$oid": "66b3a22705087727afb9e3a8"
    },
    {
      "$oid": "66b3a31405087727afb9e3af"
    }
  ],
  "subs": [
    {
      "$oid": "66ad83c2d217cc52130533d5"
    }
  ],
  "posts": [],
  "email": "gosho@abv.bg",
  "username": "Gosho",
  "password": "$2b$05$FWGJdoJ0oxcgU6CBVqJMoO3sVfdM4CH9Ivd90AyIpSrao9kjqw7xm",
  "created_at": {
    "$date": "2024-08-02T23:31:39.269Z"
  },
  "updatedAt": {
    "$date": "2024-08-07T16:39:37.882Z"
  },
  "__v": 0
}]