[{
  "_id": {
    "$oid": "66ad795c2637013ca13aea49"
  },
  "subscribers": [],
  "posts": [],
  "title": "Free Icon Pack",
  "technology": "Other",
  "description": "Website with lots of free icons!",
  "resourceUrl": "https://www.iconpacks.net/",
  "imageUrl": "https://www.iconpacks.net/images/facebook_share_v2.png",
  "userId": {
    "$oid": "66a93728e14cac36c58372f7"
  },
  "created_at": {
    "$date": "2024-08-03T00:27:08.676Z"
  },
  "updatedAt": {
    "$date": "2024-08-03T00:27:08.676Z"
  },
  "__v": 0
},
{
  "_id": {
    "$oid": "66ad7a4eceea253d26ff05be"
  },
  "subscribers": [],
  "posts": [],
  "title": "Video tutorial Formik",
  "technology": "ReactJS",
  "description": "How to make form with Formik and Yup.",
  "resourceUrl": "https://www.youtube.com/watch?v=7Ophfq0lEAY",
  "imageUrl": "https://miro.medium.com/v2/resize:fit:1400/1*glGIv2JMnHXeFw5w9CTRLg.jpeg",
  "userId": {
    "$oid": "66a93728e14cac36c58372f7"
  },
  "created_at": {
    "$date": "2024-08-03T00:31:10.592Z"
  },
  "updatedAt": {
    "$date": "2024-08-05T02:05:07.527Z"
  },
  "__v": 0
},
{
  "_id": {
    "$oid": "66ad7b1aba73853f5902ea1b"
  },
  "subscribers": [],
  "posts": [],
  "title": "Form validation in React",
  "technology": "ReactJS",
  "description": "Form validation in React explained with examples.",
  "resourceUrl": "https://leanylabs.com/blog/form-validation-in-react/#implement-form-validation-in-react",
  "imageUrl": "",
  "userId": {
    "$oid": "66a93728e14cac36c58372f7"
  },
  "created_at": {
    "$date": "2024-08-03T00:34:34.423Z"
  },
  "updatedAt": {
    "$date": "2024-08-03T00:34:34.423Z"
  },
  "__v": 0
},
{
  "_id": {
    "$oid": "66ad81f9c6ac804eba423c69"
  },
  "subscribers": [],
  "posts": [],
  "title": "Alert Dialog in React",
  "technology": "ReactJS",
  "description": "Alert dialog with Chakra.",
  "resourceUrl": "https://v2.chakra-ui.com/docs/components/alert-dialog/usage",
  "imageUrl": "",
  "userId": {
    "$oid": "66a9a1ace14cac36c58372fc"
  },
  "created_at": {
    "$date": "2024-08-03T01:03:53.358Z"
  },
  "updatedAt": {
    "$date": "2024-08-04T18:44:19.490Z"
  },
  "__v": 0
},
{
  "_id": {
    "$oid": "66ad82710e43d45041a6218c"
  },
  "subscribers": [
    "66a93728e14cac36c58372f7"
  ],
  "posts": [
    "66a93728e14cac36c58372f7"
  ],
  "title": "React Component Libraries",
  "technology": "ReactJS",
  "description": "List with component libraries for React",
  "resourceUrl": "https://prismic.io/blog/react-component-libraries",
  "imageUrl": "",
  "userId": {
    "$oid": "66a9a1ace14cac36c58372fc"
  },
  "created_at": {
    "$date": "2024-08-03T01:05:53.058Z"
  },
  "updatedAt": {
    "$date": "2024-08-03T01:05:53.058Z"
  },
  "__v": 0
},
{
  "_id": {
    "$oid": "66ad83100e43d45041a62191"
  },
  "subscribers": [
    {
      "$oid": "66a93728e14cac36c58372f7"
    }
  ],
  "posts": [],
  "title": "MongoDB new collection",
  "technology": "NodeJS",
  "description": "Explanation for automatic collection creation",
  "resourceUrl": "https://stackoverflow.com/questions/31617579/mongoose-doesnt-create-new-collection",
  "imageUrl": "",
  "userId": {
    "$oid": "66a9a1ace14cac36c58372fc"
  },
  "created_at": {
    "$date": "2024-08-03T01:08:32.254Z"
  },
  "updatedAt": {
    "$date": "2024-08-06T21:55:01.429Z"
  },
  "__v": 0
},
{
  "_id": {
    "$oid": "66ad83c2d217cc52130533d5"
  },
  "subscribers": [
    {
      "$oid": "66ad6c5b34352332bd19e589"
    }
  ],
  "posts": [],
  "title": "Axios cookie request",
  "technology": "ReactJS",
  "description": "How to add cookie to requests with Axios",
  "resourceUrl": "https://stackoverflow.com/questions/43002444/make-axios-send-cookies-in-its-requests-automatically",
  "imageUrl": "",
  "userId": {
    "$oid": "66a9a1ace14cac36c58372fc"
  },
  "created_at": {
    "$date": "2024-08-03T01:11:30.720Z"
  },
  "updatedAt": {
    "$date": "2024-08-07T16:39:37.882Z"
  },
  "__v": 0
},
{
  "_id": {
    "$oid": "66ad8422d4f1b652cf822cb6"
  },
  "subscribers": [],
  "posts": [],
  "title": "Prefill Formik form",
  "technology": "ReactJS",
  "description": "How to prefill Formik form in React",
  "resourceUrl": "https://github.com/jaredpalmer/formik/issues/1033#issuecomment-432006334",
  "imageUrl": "",
  "userId": {
    "$oid": "66a9a1ace14cac36c58372fc"
  },
  "created_at": {
    "$date": "2024-08-03T01:13:06.217Z"
  },
  "updatedAt": {
    "$date": "2024-08-04T15:03:09.982Z"
  },
  "__v": 0
},
{
  "_id": {
    "$oid": "66ad8494d4f1b652cf822cbe"
  },
  "subscribers": [],
  "posts": [],
  "title": "Simple Pagination React",
  "technology": "ReactJS",
  "description": "Video tutorial on how make simple pagination.",
  "resourceUrl": "https://www.youtube.com/watch?v=IYCa1F-OWmk",
  "imageUrl": "",
  "userId": {
    "$oid": "66ad6c5b34352332bd19e589"
  },
  "created_at": {
    "$date": "2024-08-03T01:15:00.132Z"
  },
  "updatedAt": {
    "$date": "2024-08-03T01:15:00.132Z"
  },
  "__v": 0
},
{
  "_id": {
    "$oid": "66ad850dd4f1b652cf822cc3"
  },
  "subscribers": [
    {
      "$oid": "66a9a1ace14cac36c58372fc"
    },
    {
      "$oid": "66a93728e14cac36c58372f7"
    }
  ],
  "posts": [],
  "title": "Free images for websites",
  "technology": "HTML/CSS",
  "description": "Website with free to use images",
  "resourceUrl": "https://unsplash.com/",
  "imageUrl": "",
  "userId": {
    "$oid": "66ad6c5b34352332bd19e589"
  },
  "created_at": {
    "$date": "2024-08-03T01:17:01.083Z"
  },
  "updatedAt": {
    "$date": "2024-08-06T17:00:27.661Z"
  },
  "__v": 0
},
{
  "_id": {
    "$oid": "66b3977005087727afb9e311"
  },
  "subscribers": [],
  "posts": [],
  "title": "Brute force protection",
  "technology": "VanillaJS",
  "description": "Easy way to protect your app from brute force.",
  "resourceUrl": "https://i.redd.it/vwjigsuvzdjc1.jpeg",
  "imageUrl": "https://i.redd.it/vwjigsuvzdjc1.jpeg",
  "userId": {
    "$oid": "66a93728e14cac36c58372f7"
  },
  "created_at": {
    "$date": "2024-08-07T15:49:04.012Z"
  },
  "updatedAt": {
    "$date": "2024-08-07T15:49:04.012Z"
  },
  "__v": 0
},
{
  "_id": {
    "$oid": "66b3981405087727afb9e318"
  },
  "subscribers": [],
  "posts": [],
  "title": "Free Programming Books",
  "technology": "Other",
  "description": "Free books on various topics",
  "resourceUrl": "https://books.goalkicker.com/",
  "imageUrl": "https://www.programmingbooks.dev/og.png",
  "userId": {
    "$oid": "66a93728e14cac36c58372f7"
  },
  "created_at": {
    "$date": "2024-08-07T15:51:48.584Z"
  },
  "updatedAt": {
    "$date": "2024-08-07T15:51:48.584Z"
  },
  "__v": 0
},
{
  "_id": {
    "$oid": "66b398ae05087727afb9e31f"
  },
  "subscribers": [],
  "posts": [],
  "title": "Fast JS utility library",
  "technology": "VanillaJS",
  "description": "2-3 times faster and up to 97% smaller than lodash",
  "resourceUrl": "https://github.com/toss/es-toolkit",
  "imageUrl": "https://raw.githubusercontent.com/toss/es-toolkit/main/docs/public/og.png",
  "userId": {
    "$oid": "66a93728e14cac36c58372f7"
  },
  "created_at": {
    "$date": "2024-08-07T15:54:22.149Z"
  },
  "updatedAt": {
    "$date": "2024-08-07T15:54:22.149Z"
  },
  "__v": 0
},
{
  "_id": {
    "$oid": "66b3996905087727afb9e326"
  },
  "subscribers": [],
  "posts": [],
  "title": "Fancy border radius",
  "technology": "HTML/CSS",
  "description": "Fancy border radius generator.",
  "resourceUrl": "https://9elements.github.io/fancy-border-radius/",
  "imageUrl": "https://9elements.com/images/ctfl/u3X6Xau34qfnlYY1raoEN-352w-embedded.jpeg",
  "userId": {
    "$oid": "66a93728e14cac36c58372f7"
  },
  "created_at": {
    "$date": "2024-08-07T15:57:29.737Z"
  },
  "updatedAt": {
    "$date": "2024-08-07T15:57:29.737Z"
  },
  "__v": 0
},
{
  "_id": {
    "$oid": "66b39a1f05087727afb9e32d"
  },
  "subscribers": [],
  "posts": [],
  "title": "Screenshot to code",
  "technology": "HTML/CSS",
  "description": "Drop in a screenshot and convert it to clean code",
  "resourceUrl": "https://github.com/abi/screenshot-to-code",
  "imageUrl": "https://screenshottocode.com/brand/twitter-summary-card.png",
  "userId": {
    "$oid": "66a93728e14cac36c58372f7"
  },
  "created_at": {
    "$date": "2024-08-07T16:00:31.588Z"
  },
  "updatedAt": {
    "$date": "2024-08-07T16:00:31.588Z"
  },
  "__v": 0
},
{
  "_id": {
    "$oid": "66b39aa305087727afb9e33b"
  },
  "subscribers": [],
  "posts": [],
  "title": "Database design tool",
  "technology": "Other",
  "description": "Free and simple online database design tool.",
  "resourceUrl": "https://github.com/drawdb-io/drawdb",
  "imageUrl": "https://raw.githubusercontent.com/drawdb-io/drawdb/main/src/assets/icon-dark.png",
  "userId": {
    "$oid": "66a93728e14cac36c58372f7"
  },
  "created_at": {
    "$date": "2024-08-07T16:02:43.590Z"
  },
  "updatedAt": {
    "$date": "2024-08-07T16:02:43.590Z"
  },
  "__v": 0
},
{
  "_id": {
    "$oid": "66b39b7a05087727afb9e34c"
  },
  "subscribers": [],
  "posts": [],
  "title": "URL to structured data",
  "technology": "Other",
  "description": "Turn entire websites into structured data.",
  "resourceUrl": "https://www.firecrawl.dev/",
  "imageUrl": "https://www.firecrawl.dev/og.png",
  "userId": {
    "$oid": "66a93728e14cac36c58372f7"
  },
  "created_at": {
    "$date": "2024-08-07T16:06:18.905Z"
  },
  "updatedAt": {
    "$date": "2024-08-07T16:06:18.905Z"
  },
  "__v": 0
},
{
  "_id": {
    "$oid": "66b39bf805087727afb9e353"
  },
  "subscribers": [],
  "posts": [],
  "title": "NextJs best libraries",
  "technology": "Other",
  "description": "Best Next.js Libraries and Packages",
  "resourceUrl": "https://blog.probirsarkar.com/best-next-js-libraries-and-packages-in-2024-for-all-your-needs-ae98e9689e06?gi=11e53ef8efad",
  "imageUrl": "https://codenestors.com/wp-content/uploads/2023/12/www.reallygreatsite.com-1.png",
  "userId": {
    "$oid": "66a93728e14cac36c58372f7"
  },
  "created_at": {
    "$date": "2024-08-07T16:08:24.167Z"
  },
  "updatedAt": {
    "$date": "2024-08-07T16:08:24.167Z"
  },
  "__v": 0
},
{
  "_id": {
    "$oid": "66b39c8905087727afb9e35a"
  },
  "subscribers": [],
  "posts": [],
  "title": "New JS framework features",
  "technology": "VanillaJS",
  "description": "15 crazy new JS framework features you don’t know.",
  "resourceUrl": "https://www.youtube.com/watch?v=466U-2D86bc",
  "imageUrl": "https://i.ytimg.com/vi/466U-2D86bc/maxresdefault.jpg",
  "userId": {
    "$oid": "66a93728e14cac36c58372f7"
  },
  "created_at": {
    "$date": "2024-08-07T16:10:49.832Z"
  },
  "updatedAt": {
    "$date": "2024-08-07T16:10:49.832Z"
  },
  "__v": 0
},
{
  "_id": {
    "$oid": "66b39cf305087727afb9e363"
  },
  "subscribers": [],
  "posts": [],
  "title": "React Spectrum Libraries",
  "technology": "ReactJS",
  "description": "A collection of libraries and tools",
  "resourceUrl": "https://react-spectrum.adobe.com/",
  "imageUrl": "https://react-spectrum.adobe.com/ReactSpectrumHome_976x445_2x.3eedfdc2.webp",
  "userId": {
    "$oid": "66a93728e14cac36c58372f7"
  },
  "created_at": {
    "$date": "2024-08-07T16:12:35.338Z"
  },
  "updatedAt": {
    "$date": "2024-08-07T16:12:35.338Z"
  },
  "__v": 0
},
{
  "_id": {
    "$oid": "66b39e4605087727afb9e36a"
  },
  "subscribers": [],
  "posts": [],
  "title": "TS Toolbelt",
  "technology": "VanillaJS",
  "description": "Best type library available",
  "resourceUrl": "https://millsp.github.io/ts-toolbelt/",
  "imageUrl": "https://raw.githubusercontent.com/millsp/ts-toolbelt/master/.github/banner.svg",
  "userId": {
    "$oid": "66a93728e14cac36c58372f7"
  },
  "created_at": {
    "$date": "2024-08-07T16:18:14.474Z"
  },
  "updatedAt": {
    "$date": "2024-08-07T16:18:14.474Z"
  },
  "__v": 0
},
{
  "_id": {
    "$oid": "66b39edd05087727afb9e371"
  },
  "subscribers": [],
  "posts": [],
  "title": "Learn & practice Git",
  "technology": "Other",
  "description": "Git exercises and lessons",
  "resourceUrl": "https://gitexercises.fracz.com/",
  "imageUrl": "",
  "userId": {
    "$oid": "66a93728e14cac36c58372f7"
  },
  "created_at": {
    "$date": "2024-08-07T16:20:45.190Z"
  },
  "updatedAt": {
    "$date": "2024-08-07T16:20:45.190Z"
  },
  "__v": 0
},
{
  "_id": {
    "$oid": "66b39f2805087727afb9e37a"
  },
  "subscribers": [],
  "posts": [],
  "title": "Git Branching Tutorial",
  "technology": "Other",
  "description": "Easy way to learn Git branching.",
  "resourceUrl": "https://learngitbranching.js.org/",
  "imageUrl": "https://pcottle.github.io/learnGitBranching/assets/learnGitBranching.png",
  "userId": {
    "$oid": "66a93728e14cac36c58372f7"
  },
  "created_at": {
    "$date": "2024-08-07T16:22:00.402Z"
  },
  "updatedAt": {
    "$date": "2024-08-07T16:22:00.402Z"
  },
  "__v": 0
},
{
  "_id": {
    "$oid": "66b39fab05087727afb9e389"
  },
  "subscribers": [],
  "posts": [],
  "title": "React TS Cheatsheet",
  "technology": "ReactJS",
  "description": "React TypeScript Cheatsheet",
  "resourceUrl": "https://react-typescript-cheatsheet.netlify.app/docs/react-types/componentprops/",
  "imageUrl": "https://img-c.udemycdn.com/course/750x422/5620946_7c11.jpg",
  "userId": {
    "$oid": "66a9a1ace14cac36c58372fc"
  },
  "created_at": {
    "$date": "2024-08-07T16:24:11.287Z"
  },
  "updatedAt": {
    "$date": "2024-08-07T16:24:11.287Z"
  },
  "__v": 0
},
{
  "_id": {
    "$oid": "66b3a01d05087727afb9e390"
  },
  "subscribers": [],
  "posts": [],
  "title": "Little State Machine",
  "technology": "ReactJS",
  "description": "React custom hook for persist state management",
  "resourceUrl": "https://github.com/beekai-oss/little-state-machine",
  "imageUrl": "https://repository-images.githubusercontent.com/180249547/09f4de80-db9a-11e9-9970-79640750af15",
  "userId": {
    "$oid": "66a9a1ace14cac36c58372fc"
  },
  "created_at": {
    "$date": "2024-08-07T16:26:05.229Z"
  },
  "updatedAt": {
    "$date": "2024-08-07T16:26:05.229Z"
  },
  "__v": 0
},
{
  "_id": {
    "$oid": "66b3a0f405087727afb9e397"
  },
  "subscribers": [],
  "posts": [],
  "title": "Free TS tutorials",
  "technology": "VanillaJS",
  "description": "A collection of free, exercise-driven TS tutorials",
  "resourceUrl": "https://www.totaltypescript.com/tutorials",
  "imageUrl": "https://res.cloudinary.com/total-typescript/image/upload/v1663164063/tutorials-card_2x_gsi059.png",
  "userId": {
    "$oid": "66a9a1ace14cac36c58372fc"
  },
  "created_at": {
    "$date": "2024-08-07T16:29:40.121Z"
  },
  "updatedAt": {
    "$date": "2024-08-07T16:29:40.121Z"
  },
  "__v": 0
},
{
  "_id": {
    "$oid": "66b3a19805087727afb9e3a1"
  },
  "subscribers": [],
  "posts": [],
  "title": "Bruno - opensource IDE",
  "technology": "Other",
  "description": "Faster and lighter than Postman!",
  "resourceUrl": "https://www.usebruno.com/",
  "imageUrl": "https://miro.medium.com/v2/resize:fit:1358/1*OvxT6Z0vWJDUvGO6rhO6ug.png",
  "userId": {
    "$oid": "66ad6c5b34352332bd19e589"
  },
  "created_at": {
    "$date": "2024-08-07T16:32:24.090Z"
  },
  "updatedAt": {
    "$date": "2024-08-07T16:32:24.090Z"
  },
  "__v": 0
},
{
  "_id": {
    "$oid": "66b3a22705087727afb9e3a8"
  },
  "subscribers": [],
  "posts": [],
  "title": "EASY React Animation",
  "technology": "ReactJS",
  "description": "EASY React Animation with useGSAP()",
  "resourceUrl": "https://youtu.be/l0aI8Ecumy8?si=-frVlKp2hq2_6AIB",
  "imageUrl": "https://i.ytimg.com/vi/l0aI8Ecumy8/maxresdefault.jpg",
  "userId": {
    "$oid": "66ad6c5b34352332bd19e589"
  },
  "created_at": {
    "$date": "2024-08-07T16:34:47.186Z"
  },
  "updatedAt": {
    "$date": "2024-08-07T16:34:47.186Z"
  },
  "__v": 0
},
{
  "_id": {
    "$oid": "66b3a31405087727afb9e3af"
  },
  "subscribers": [],
  "posts": [],
  "title": "Good programming Courses",
  "technology": "Other",
  "description": "Interactive lessons with real code examples.",
  "resourceUrl": "https://www.executeprogram.com",
  "imageUrl": "https://www.executeprogram.com/svg/logo.svg",
  "userId": {
    "$oid": "66ad6c5b34352332bd19e589"
  },
  "created_at": {
    "$date": "2024-08-07T16:38:44.754Z"
  },
  "updatedAt": {
    "$date": "2024-08-07T16:38:44.754Z"
  },
  "__v": 0
}]